1556393421.822209,39.9399465,-75.204892,008.62
1556393422.022952,39.9399465,-75.20489266666667,008.62
1556393422.228783,39.939946666666664,-75.2048935,008.62
1556393422.417136,39.939947,-75.20489433333333,008.62
1556393422.617943,39.9399475,-75.2048955,008.63
1556393422.818122,39.939948,-75.2048965,008.63
1556393423.019253,39.939948,-75.20489716666667,008.62
1556393423.213823,39.939948,-75.20489766666667,008.62
1556393423.414771,39.939948333333334,-75.20489816666667,008.65
1556393423.61079,39.93994883333333,-75.204899,008.65
1556393423.811305,39.939949166666665,-75.20489966666666,008.65
1556393424.011541,39.93994983333333,-75.2049,008.64
1556393424.21378,39.93995066666667,-75.20490066666666,008.64
1556393424.409327,39.93995133333333,-75.20490116666667,008.64
1556393424.611951,39.939952,-75.204902,008.64
1556393424.813117,39.93995266666667,-75.20490266666667,008.68
1556393425.013567,39.93995283333334,-75.20490316666667,008.68
1556393425.212937,39.9399535,-75.20490383333333,008.70
1556393425.414892,39.939954666666665,-75.20490483333333,008.70
1556393425.813526,39.93995566666667,-75.20490616666666,008.67
1556393426.011694,39.939956,-75.20490683333334,008.67
1556393426.2193,39.9399565,-75.2049075,008.67
1556393426.411502,39.939957,-75.204908,008.71
1556393426.611559,39.9399575,-75.20490866666667,008.71
1556393426.811679,39.9399585,-75.20490966666667,008.71
1556393427.012759,39.939959,-75.20491033333333,008.71
1556393427.211829,39.9399595,-75.204911,008.71
1556393427.414183,39.93995983333333,-75.20491166666666,008.74
1556393427.608423,39.939960666666664,-75.2049125,008.74
1556393427.819468,39.93996083333333,-75.204913,008.72
1556393428.02078,39.93996116666667,-75.20491366666667,008.72
1556393428.219465,39.93996166666667,-75.20491433333333,008.73
1556393428.412575,39.93996216666667,-75.204915,008.73
1556393428.612889,39.939963,-75.2049155,008.75
1556393428.814452,39.9399635,-75.20491616666666,008.75
1556393429.020829,39.939964333333336,-75.204917,008.76
1556393429.22372,39.93996516666667,-75.20491766666666,008.76
1556393429.42181,39.93996533333333,-75.204918,008.77
1556393429.619507,39.93996583333333,-75.2049185,008.77
1556393429.81681,39.93996633333333,-75.20491933333334,008.77
1556393430.012521,39.93996716666667,-75.20492016666667,008.77
1556393430.218073,39.939968,-75.20492083333333,008.85
1556393430.418067,39.939968666666665,-75.20492166666666,008.85
1556393430.62254,39.9399695,-75.20492216666666,008.85
1556393430.818068,39.939970333333335,-75.204923,008.82
1556393431.018189,39.939971,-75.20492333333334,008.82
1556393431.21968,39.939971666666665,-75.20492416666667,008.85
1556393431.415283,39.939972166666664,-75.20492466666667,008.85
1556393431.614584,39.9399725,-75.20492516666667,008.86
1556393431.819405,39.939972833333336,-75.20492566666667,008.86
1556393432.011616,39.9399735,-75.2049265,008.89
1556393432.218797,39.93997433333333,-75.204927,008.89
1556393432.418365,39.939975,-75.20492766666666,008.87
1556393432.615952,39.9399755,-75.204928,008.87
1556393432.81238,39.939975833333335,-75.20492866666666,008.87
1556393433.010347,39.9399755,-75.20492883333333,008.87
1556393433.217373,39.939975833333335,-75.20492933333334,008.86
1556393433.418775,39.939976,-75.20492966666667,008.86
1556393433.613254,39.93997616666667,-75.20493,008.86
1556393433.823105,39.939976333333334,-75.2049305,008.86
1556393434.016724,39.93997666666667,-75.20493083333334,008.86
1556393434.214248,39.93997666666667,-75.20493116666667,008.88
1556393434.413605,39.93997666666667,-75.2049315,008.88
1556393434.619214,39.9399765,-75.204932,008.87
1556393434.813194,39.93997683333333,-75.2049325,008.87
1556393435.02303,39.939977,-75.204933,008.90
1556393435.209975,39.9399775,-75.20493366666666,008.90
1556393435.414323,39.939977666666664,-75.20493433333333,008.91
1556393435.612879,39.9399785,-75.20493516666667,008.91
1556393435.814189,39.939979,-75.20493566666667,008.94
1556393436.010371,39.93997933333333,-75.20493616666667,008.94
1556393436.21309,39.93997933333333,-75.20493666666667,008.91
1556393436.413233,39.93997933333333,-75.20493716666667,008.91
1556393436.619708,39.93997983333333,-75.2049375,008.98
1556393436.819308,39.9399795,-75.20493783333333,008.98
1556393437.01289,39.939979666666666,-75.20493816666666,008.98
1556393437.217589,39.93997983333333,-75.20493866666666,008.98
1556393437.414118,39.93998,-75.20493916666666,008.98
1556393437.615073,39.93998066666666,-75.20494,008.97
1556393437.819908,39.93998083333334,-75.2049405,008.97
1556393438.015543,39.93998116666667,-75.20494083333334,008.95
1556393438.216322,39.93998166666667,-75.20494133333334,008.95
1556393438.41353,39.939981833333334,-75.20494183333334,008.98
1556393438.612513,39.93998216666667,-75.20494233333334,008.98
1556393438.812786,39.939982666666666,-75.20494283333333,009.00
1556393439.018067,39.9399835,-75.20494366666667,009.00
1556393439.220324,39.939984,-75.20494416666666,009.00
1556393439.417346,39.939984,-75.20494466666666,009.00
1556393439.609185,39.939984333333335,-75.20494516666666,009.05
1556393439.813075,39.939984833333334,-75.20494566666666,009.05
1556393440.009126,39.939984833333334,-75.204946,009.00
1556393440.219964,39.939985,-75.2049465,009.00
1556393440.408492,39.939985166666666,-75.20494683333334,009.00
1556393440.611049,39.93998533333333,-75.20494716666667,009.02
1556393440.809327,39.939986,-75.20494783333334,009.02
1556393441.011611,39.93998633333333,-75.20494833333333,009.00
1556393441.210423,39.93998666666667,-75.204949,009.00
1556393441.407243,39.939986833333336,-75.20494933333333,009.03
1556393441.608538,39.93998716666667,-75.20495,009.03
1556393441.807864,39.9399875,-75.2049505,009.04
1556393442.008809,39.93998783333333,-75.204951,009.04
1556393442.214864,39.9399885,-75.2049515,009.04
1556393442.412262,39.93998916666666,-75.20495216666667,009.04
1556393442.613148,39.93998966666667,-75.20495283333334,009.05
1556393442.813974,39.939989833333335,-75.20495316666667,009.05
1556393443.010351,39.939989833333335,-75.2049535,009.05
1556393443.209352,39.939990333333334,-75.20495433333333,009.05
1556393443.411488,39.939991,-75.20495483333333,009.05
1556393443.614184,39.93999133333333,-75.20495533333333,009.05
1556393443.814566,39.93999133333333,-75.20495583333333,009.05
1556393444.006659,39.939991666666664,-75.20495616666666,009.06
1556393444.22439,39.939992,-75.2049565,009.06
1556393444.418606,39.939992,-75.20495683333333,009.07
1556393444.621865,39.939991666666664,-75.2049565,009.07
1556393444.813961,39.939991666666664,-75.20495666666666,009.07
1556393445.010278,39.93999266666667,-75.20495766666667,009.07
1556393445.209478,39.939993,-75.204958,009.06
1556393445.416446,39.939993666666666,-75.20495866666667,009.06
1556393445.610218,39.93999383333333,-75.20495916666667,009.07
1556393445.8124,39.9399945,-75.2049595,009.07
1556393446.009411,39.93999516666667,-75.20496,009.08
1556393446.219837,39.93999566666667,-75.20496033333333,009.08
1556393446.408309,39.9399965,-75.204961,009.11
1556393446.613518,39.93999733333333,-75.20496166666666,009.11
1556393446.811244,39.93999816666667,-75.20496216666666,009.08
1556393447.017465,39.93999916666667,-75.20496283333334,009.08
1556393447.207975,39.94,-75.20496366666667,009.08
1556393447.407737,39.94000116666667,-75.20496433333334,009.13
1556393447.613939,39.94000166666667,-75.20496483333334,009.13
1556393447.813192,39.940002166666666,-75.20496516666667,009.12
1556393448.010552,39.940002666666665,-75.2049655,009.12
1556393448.212239,39.940003,-75.20496566666667,009.15
1556393448.405197,39.94000333333334,-75.20496566666667,009.15
1556393448.612445,39.94000366666667,-75.20496583333333,009.10
1556393448.80714,39.940004333333334,-75.20496616666667,009.10
1556393449.006827,39.94000466666667,-75.20496666666666,009.12
1556393449.213674,39.940005166666666,-75.204967,009.12
1556393449.412438,39.9400055,-75.20496716666666,009.12
1556393449.614075,39.940006,-75.2049675,009.12
1556393449.810384,39.9400065,-75.204968,009.26
1556393450.0053,39.94000716666667,-75.20496833333333,009.26
1556393450.213439,39.940008,-75.20496883333334,009.26
1556393450.409408,39.94000883333333,-75.20496916666667,009.11
1556393450.604886,39.94000966666667,-75.20496983333334,009.11
1556393450.807219,39.94001033333333,-75.20497033333334,009.17
1556393451.009042,39.94001133333333,-75.20497116666667,009.17
1556393451.20913,39.94001183333334,-75.20497166666667,009.25
1556393451.41457,39.9400125,-75.20497166666667,009.25
1556393451.607787,39.94001316666667,-75.20497216666666,009.14
1556393451.810198,39.94001383333333,-75.2049725,009.14
1556393452.009361,39.9400145,-75.20497266666666,009.19
1556393452.210336,39.94001516666667,-75.204973,009.19
1556393452.411356,39.94001566666667,-75.20497333333333,009.25
1556393452.609473,39.940016666666665,-75.20497366666666,009.25
1556393452.804985,39.94001733333333,-75.20497383333333,009.17
1556393453.021698,39.94001766666667,-75.20497399999999,009.17
1556393453.211432,39.94001816666667,-75.20497416666667,009.15
1556393453.40714,39.9400185,-75.20497416666667,009.15
1556393453.608155,39.940019,-75.20497416666667,009.15
1556393453.807373,39.940019,-75.2049745,009.20
1556393454.00874,39.940019166666666,-75.2049745,009.20
1556393454.213937,39.940019666666664,-75.20497433333334,009.17
1556393454.408103,39.9400205,-75.20497466666667,009.17
1556393454.606979,39.9400215,-75.204975,009.15
1556393454.806229,39.940023,-75.20497533333334,009.15
1556393455.012524,39.94002366666667,-75.2049755,009.23
1556393455.213129,39.94002416666667,-75.20497566666667,009.23
1556393455.410747,39.9400245,-75.20497566666667,009.19
1556393455.608688,39.94002533333333,-75.204976,009.19
1556393455.814218,39.94002583333334,-75.204976,009.18
1556393456.009768,39.940026833333334,-75.20497666666667,009.18
1556393456.212122,39.94002716666667,-75.204977,009.13
1556393456.41301,39.94002783333333,-75.204977,009.13
1556393456.616474,39.9400285,-75.20497766666666,009.15
1556393456.80724,39.94002916666667,-75.20497783333333,009.15
1556393457.012683,39.940029833333334,-75.20497783333333,009.15
1556393457.211353,39.94003033333333,-75.20497783333333,009.17
1556393457.412959,39.940031,-75.20497816666666,009.17
1556393457.608379,39.9400315,-75.20497833333333,009.12
1556393457.810021,39.940032,-75.20497833333333,009.12
1556393458.007471,39.94003216666667,-75.20497833333333,009.13
1556393458.206936,39.940032333333335,-75.20497833333333,009.13
1556393458.410633,39.94003283333333,-75.20497816666666,009.15
1556393458.613342,39.94003333333333,-75.204978,009.15
1556393458.81204,39.94003383333333,-75.20497783333333,009.16
1556393459.013567,39.94003416666666,-75.20497783333333,009.16
1556393459.206821,39.9400345,-75.20497783333333,009.14
1556393459.406322,39.940035,-75.20497783333333,009.14
1556393459.610991,39.940035333333334,-75.20497766666666,009.08
1556393459.809574,39.94003583333333,-75.20497783333333,009.08
1556393460.01503,39.94003633333333,-75.204978,009.13
1556393460.216774,39.94003683333333,-75.204978,009.13
1556393460.406125,39.940037333333336,-75.20497766666666,009.13
1556393460.616107,39.940037833333335,-75.2049775,009.06
1556393460.813158,39.940038333333334,-75.20497733333333,009.06
1556393461.011492,39.940038666666666,-75.20497733333333,009.06
1556393461.212958,39.94003933333333,-75.20497733333333,009.06
1556393461.407888,39.940039666666664,-75.20497683333333,009.09
1556393461.608625,39.94004016666667,-75.204977,009.09
1556393461.812223,39.94004116666667,-75.20497733333333,008.99
1556393462.00318,39.940042,-75.20497766666666,008.99
1556393462.208074,39.94004266666666,-75.204978,009.05
1556393462.405026,39.940043333333335,-75.20497783333333,009.05
1556393462.607533,39.940044,-75.204978,009.04
1556393462.807213,39.94004483333333,-75.20497816666666,009.04
1556393463.010076,39.94004566666667,-75.2049785,008.95
1556393463.209113,39.9400465,-75.20497883333333,008.95
1556393463.404856,39.940047166666666,-75.20497933333333,008.95
1556393463.606882,39.940048,-75.20498,009.00
1556393463.810101,39.940048833333336,-75.20498033333334,009.00
1556393464.011669,39.94004966666667,-75.204981,009.00
1556393464.210137,39.94005083333333,-75.204982,009.00
1556393464.409806,39.940051833333335,-75.2049835,008.97
1556393464.610671,39.940052666666666,-75.204985,008.97
1556393464.800987,39.9400535,-75.204986,008.97
1556393465.017969,39.94005416666667,-75.2049865,008.97
1556393465.20914,39.940054833333335,-75.20498683333334,009.00
1556393465.411337,39.94005533333333,-75.20498716666667,009.00
1556393465.617918,39.940056,-75.2049875,008.97
1556393465.809798,39.94005666666666,-75.20498766666667,008.97
1556393466.009344,39.94005716666667,-75.20498766666667,009.02
1556393466.207188,39.94005766666667,-75.20498783333333,009.02
1556393466.405967,39.94005816666667,-75.20498783333333,009.02
1556393466.608125,39.940058666666665,-75.20498783333333,009.02
1556393466.806719,39.940059166666664,-75.204988,009.02
1556393467.01013,39.9400595,-75.20498816666667,008.97
1556393467.211301,39.94006,-75.20498833333333,008.97
1556393467.40738,39.94006066666667,-75.20498866666667,009.07
1556393467.603431,39.940061166666666,-75.204989,009.07
1556393467.806963,39.94006183333333,-75.20498966666666,009.01
1556393468.005144,39.94006233333333,-75.20498983333333,009.01
1556393468.210376,39.94006266666667,-75.20499016666666,009.02
1556393468.411818,39.94006316666667,-75.2049905,009.02
1556393468.608768,39.94006366666667,-75.2049905,009.00
1556393468.81334,39.94006383333333,-75.20499033333333,009.00
1556393469.007891,39.940064166666666,-75.20499016666666,009.02
1556393469.210735,39.9400645,-75.20499,009.02
1556393469.412852,39.94006483333333,-75.20498983333333,008.98
1556393469.612299,39.94006516666666,-75.20498966666666,008.98
1556393469.80979,39.9400655,-75.20498933333333,008.98
1556393470.008906,39.940066,-75.20498933333333,008.98
1556393470.215519,39.94006616666667,-75.20498916666666,008.98
1556393470.410364,39.94006683333333,-75.20498916666666,008.90
1556393470.61094,39.940067666666664,-75.204989,008.90
1556393470.810383,39.94006816666667,-75.20498916666666,008.93
1556393471.012128,39.94006866666667,-75.20498933333333,008.93
1556393471.20654,39.940069666666666,-75.20498933333333,008.94
1556393471.416598,39.940070166666665,-75.20498883333333,008.94
1556393471.612038,39.940070666666664,-75.204988,008.86
1556393471.807175,39.94007116666667,-75.2049875,008.86
1556393472.007383,39.940071833333334,-75.20498716666667,008.82
1556393472.207798,39.940072666666666,-75.20498766666667,008.82
1556393472.405126,39.94007333333333,-75.2049875,008.83
1556393472.611549,39.94007383333334,-75.20498716666667,008.83
1556393472.806856,39.940074,-75.20498583333334,008.79
1556393473.021318,39.9400745,-75.20498533333334,008.79
1556393473.212909,39.940075,-75.20498516666666,008.79
1556393473.41295,39.9400755,-75.20498516666666,008.76
1556393473.610126,39.940075666666665,-75.20498433333333,008.76
1556393473.814634,39.940075666666665,-75.20498366666666,008.71
1556393474.008714,39.940076,-75.20498333333333,008.71
1556393474.220537,39.940076166666664,-75.20498383333333,008.67
1556393474.418455,39.940076166666664,-75.2049835,008.67
1556393474.611664,39.94007633333333,-75.204983,008.66
1556393474.81731,39.9400765,-75.204983,008.66
1556393475.011207,39.9400765,-75.20498266666667,008.64
1556393475.208335,39.94007666666667,-75.2049825,008.64
1556393475.412627,39.9400765,-75.20498183333333,008.63
1556393475.609197,39.9400765,-75.20498133333334,008.63
1556393475.822056,39.940076,-75.20498016666667,008.58
1556393476.012113,39.940075666666665,-75.20497933333333,008.58
1556393476.217596,39.94007583333333,-75.20497866666666,008.61
1556393476.415184,39.94007583333333,-75.20497833333333,008.61
1556393476.613996,39.940076,-75.20497833333333,008.61
1556393476.80579,39.940075666666665,-75.20497733333333,008.58
1556393477.020215,39.94007533333333,-75.20497633333333,008.58
1556393477.220171,39.94007533333333,-75.20497583333334,008.58
1556393477.408981,39.9400755,-75.2049755,008.58
1556393477.615591,39.94007533333333,-75.204975,008.57
1556393477.80689,39.94007516666667,-75.2049745,008.57
1556393478.010785,39.940075666666665,-75.20497416666667,008.54
1556393478.212996,39.94007633333333,-75.20497416666667,008.54
1556393478.409085,39.940076833333336,-75.20497416666667,008.54
1556393478.608258,39.940077,-75.20497399999999,008.54
1556393478.809283,39.94007766666667,-75.20497416666667,008.53
1556393479.012483,39.940078,-75.20497366666666,008.53
1556393479.210419,39.94007916666666,-75.2049745,008.58
1556393479.408487,39.9400795,-75.204975,008.58
1556393479.608114,39.94008,-75.20497516666667,008.51
1556393479.80949,39.94008,-75.204975,008.51
1556393480.004357,39.94008016666667,-75.204975,008.51
1556393480.210647,39.94008066666667,-75.20497516666667,008.51
1556393480.410996,39.94008083333333,-75.20497516666667,008.51
1556393480.607276,39.9400815,-75.20497533333334,008.54
1556393480.802512,39.9400825,-75.204976,008.54
1556393481.012975,39.940083,-75.20497633333333,008.57
1556393481.208681,39.94008316666667,-75.2049765,008.57
1556393481.411204,39.940084,-75.20497716666667,008.50
1556393481.607795,39.940084666666664,-75.20497766666666,008.50
1556393481.813221,39.940085333333336,-75.20497833333333,008.59
1556393482.0087,39.940086,-75.20497916666666,008.59
1556393482.21815,39.9400865,-75.2049795,008.52
1556393482.411067,39.940087,-75.2049795,008.52
1556393482.611162,39.9400875,-75.20498016666667,008.54
1556393482.808324,39.94008866666667,-75.204981,008.54
1556393483.021342,39.940089,-75.204981,008.56
1556393483.215321,39.9400895,-75.20498133333334,008.56
1556393483.411435,39.94009,-75.20498183333333,008.56
1556393483.610819,39.94009066666667,-75.2049825,008.59
1556393483.810683,39.940090833333336,-75.20498233333333,008.59
1556393484.005703,39.940090833333336,-75.2049825,008.55
1556393484.212155,39.94009166666667,-75.20498283333333,008.55
1556393484.406085,39.940092,-75.20498283333333,008.56
1556393484.614223,39.940092166666666,-75.20498283333333,008.56
1556393484.813103,39.940092666666665,-75.20498316666666,008.51
1556393485.009974,39.940093,-75.2049835,008.51
1556393485.205423,39.940093166666664,-75.20498333333333,008.55
1556393485.411748,39.9400935,-75.2049835,008.55
1556393485.609725,39.9400935,-75.20498383333333,008.55
1556393485.812431,39.940093833333336,-75.20498383333333,008.55
1556393486.011925,39.940093833333336,-75.20498366666666,008.50
1556393486.213315,39.940093833333336,-75.2049835,008.50
1556393486.411395,39.940093833333336,-75.20498316666666,008.50
1556393486.611763,39.940093833333336,-75.20498283333333,008.54
1556393486.818741,39.94009366666667,-75.20498266666667,008.54
1556393487.012609,39.94009366666667,-75.20498266666667,008.54
1556393487.212798,39.94009366666667,-75.2049825,008.54
1556393487.414084,39.940093833333336,-75.20498266666667,008.57
1556393487.614645,39.94009416666667,-75.20498233333333,008.57
1556393487.811173,39.940095,-75.204983,008.52
1556393488.009836,39.94009533333333,-75.20498316666666,008.52
1556393488.214163,39.9400955,-75.204983,008.50
1556393488.414054,39.9400955,-75.204983,008.50
1556393488.609766,39.94009533333333,-75.20498233333333,008.50
1556393488.803165,39.940095166666666,-75.20498166666667,008.50
1556393489.025611,39.9400955,-75.20498166666667,008.49
1556393489.214433,39.940096,-75.2049825,008.49
1556393489.411086,39.94009633333334,-75.20498266666667,008.57
1556393489.61067,39.94009666666667,-75.20498316666666,008.57
1556393489.807755,39.94009666666667,-75.20498333333333,008.57
1556393490.005871,39.94009666666667,-75.20498333333333,008.51
1556393490.220002,39.9400965,-75.204983,008.51
1556393490.413056,39.94009666666667,-75.20498316666666,008.50
1556393490.61482,39.94009716666667,-75.2049835,008.50
1556393490.813839,39.94009766666667,-75.20498383333333,008.48
1556393491.011482,39.940098166666665,-75.204984,008.48
1556393491.20724,39.9400985,-75.2049845,008.49
1556393491.412184,39.94009883333333,-75.20498466666666,008.49
1556393491.609843,39.94009916666667,-75.20498466666666,008.46
1556393491.810812,39.94009966666667,-75.204985,008.46
1556393492.011637,39.94010016666667,-75.20498516666666,008.46
1556393492.213693,39.940100666666666,-75.20498533333334,008.46
1556393492.413443,39.940101166666665,-75.20498566666667,008.49
1556393492.608295,39.9401015,-75.20498583333334,008.49
1556393492.809246,39.94010183333333,-75.204986,008.43
1556393493.0139,39.940102,-75.20498583333334,008.43
1556393493.213773,39.9401025,-75.20498583333334,008.43
1556393493.411103,39.94010266666667,-75.20498583333334,008.44
1556393493.615906,39.9401025,-75.20498566666667,008.44
1556393493.80686,39.940102833333334,-75.2049855,008.44
1556393494.009251,39.940103,-75.20498583333334,008.44
1556393494.212471,39.940103666666666,-75.2049865,008.44
1556393494.411362,39.940104,-75.20498666666667,008.44
1556393494.611334,39.94010433333333,-75.20498716666667,008.43
1556393494.811702,39.94010433333333,-75.20498683333334,008.43
1556393495.023203,39.94010466666667,-75.2049865,008.42
1556393495.209149,39.94010516666667,-75.20498683333334,008.42
1556393495.410715,39.9401055,-75.20498733333334,008.42
1556393495.609523,39.940105833333334,-75.20498683333334,008.42
1556393495.81235,39.940106166666666,-75.20498683333334,008.43
1556393496.009173,39.94010633333333,-75.2049865,008.43
1556393496.213915,39.940106666666665,-75.20498616666667,008.43
1556393496.40732,39.940107,-75.204986,008.43
1556393496.614016,39.94010733333333,-75.20498566666667,008.43
1556393496.810779,39.940107166666664,-75.204985,008.35
1556393497.011929,39.940107,-75.20498466666666,008.35
1556393497.210197,39.94010733333333,-75.20498483333333,008.40
1556393497.409209,39.94010766666667,-75.20498533333334,008.40
1556393497.6066,39.940107833333336,-75.20498516666666,008.44
1556393497.812685,39.940108,-75.204985,008.44
1556393498.010956,39.940108333333335,-75.20498566666667,008.34
1556393498.211336,39.9401085,-75.20498583333334,008.34
1556393498.408988,39.94010866666667,-75.20498583333334,008.35
1556393498.608625,39.940109,-75.2049855,008.35
1556393498.809976,39.94010933333333,-75.20498583333334,008.33
1556393499.018529,39.9401095,-75.2049855,008.33
1556393499.214133,39.94010933333333,-75.204985,008.33
1556393499.411852,39.94010983333333,-75.20498533333334,008.33
1556393499.614371,39.94010983333333,-75.20498533333334,008.37
1556393499.812908,39.94010983333333,-75.20498516666666,008.37
1556393500.015007,39.94011016666666,-75.20498516666666,008.37
1556393500.225555,39.94011033333334,-75.20498566666667,008.32
1556393500.412429,39.94011033333334,-75.20498583333334,008.32
1556393500.620399,39.9401105,-75.20498566666667,008.32
1556393500.807129,39.94011066666667,-75.2049855,008.32
1556393501.026214,39.940110833333335,-75.20498533333334,008.32
1556393501.211665,39.940111333333334,-75.20498566666667,008.32
1556393501.411955,39.940112,-75.20498566666667,008.30
1556393501.609819,39.94011183333333,-75.20498533333334,008.30
1556393501.81019,39.940112,-75.2049855,008.31
1556393502.012893,39.94011233333333,-75.20498616666667,008.31
1556393502.219025,39.940112666666664,-75.20498666666667,008.34
1556393502.408419,39.940112666666664,-75.20498666666667,008.34
1556393502.609349,39.94011316666667,-75.20498716666667,008.31
1556393502.809417,39.940113333333336,-75.20498683333334,008.31
1556393503.010162,39.94011316666667,-75.20498633333334,008.31
1556393503.217386,39.940113333333336,-75.20498666666667,008.30
1556393503.41573,39.94011316666667,-75.2049865,008.30
1556393503.612019,39.940113333333336,-75.20498616666667,008.36
1556393503.811369,39.9401135,-75.204986,008.36
1556393504.007446,39.9401135,-75.2049855,008.31
1556393504.216178,39.940114,-75.20498566666667,008.31
1556393504.416909,39.9401145,-75.20498616666667,008.29
1556393504.610728,39.94011483333333,-75.20498633333334,008.29
1556393504.821376,39.94011533333333,-75.20498683333334,008.31
1556393505.012536,39.940116,-75.20498716666667,008.31
1556393505.209362,39.9401165,-75.20498766666667,008.29
1556393505.411443,39.94011733333333,-75.20498866666667,008.29
1556393505.604927,39.94011883333334,-75.20499083333333,008.28
1556393505.812476,39.940120666666665,-75.20499333333333,008.28
1556393506.004429,39.94012216666667,-75.20499566666666,008.28
1556393506.215159,39.940122333333335,-75.20499566666666,008.30
1556393506.41457,39.94012266666667,-75.20499533333333,008.30
1556393506.612456,39.940123166666666,-75.20499566666666,008.28
1556393506.809121,39.940123,-75.20499516666666,008.28
1556393507.020903,39.94012333333333,-75.20499483333333,008.28
1556393507.222294,39.94012333333333,-75.20499383333333,008.28
1556393507.422555,39.940123166666666,-75.20499333333333,008.28
1556393507.615967,39.940123,-75.20499233333334,008.28
1556393507.815741,39.940122833333334,-75.2049915,008.28
1556393508.010765,39.9401225,-75.2049905,008.28
1556393508.219474,39.94012216666667,-75.20498933333333,008.26
1556393508.408082,39.940122,-75.20498783333333,008.26
1556393508.621303,39.94012166666667,-75.20498666666667,008.26
1556393508.821499,39.940121500000004,-75.20498566666667,008.26
1556393509.020557,39.94012166666667,-75.20498483333333,008.26
1556393509.214976,39.94012166666667,-75.204984,008.26
1556393509.417544,39.94012166666667,-75.204983,008.26
1556393509.616256,39.940121500000004,-75.204982,008.29
1556393509.814649,39.94012133333333,-75.20498116666667,008.29
1556393510.009082,39.940121,-75.20498016666667,008.28
1556393510.214932,39.94012083333333,-75.20497916666666,008.28
1556393510.411201,39.940120666666665,-75.20497816666666,008.26
1556393510.610997,39.94012083333333,-75.20497766666666,008.26
1556393510.819939,39.940121166666664,-75.2049775,008.26
1556393511.022493,39.94012133333333,-75.204977,008.26
1556393511.21318,39.940121500000004,-75.2049765,008.25
1556393511.414432,39.940121500000004,-75.20497583333334,008.25
1556393511.610419,39.940121166666664,-75.20497516666667,008.30
1556393511.81413,39.94012133333333,-75.20497483333334,008.30
1556393512.015152,39.940121166666664,-75.20497433333334,008.26
1556393512.216502,39.94012133333333,-75.20497366666666,008.26
1556393512.413925,39.940121500000004,-75.20497283333333,008.26
1556393512.608736,39.940122,-75.20497216666666,008.26
1556393512.809466,39.94012216666667,-75.2049715,008.26
1556393513.025955,39.94012266666667,-75.20497066666667,008.24
1556393513.218056,39.940122833333334,-75.20496983333334,008.24
1556393513.41755,39.94012333333333,-75.20496916666667,008.24
1556393513.614018,39.9401235,-75.20496833333333,008.24
1556393513.820882,39.940123666666665,-75.20496716666666,008.26
1556393514.021359,39.940123666666665,-75.20496616666667,008.26
1556393514.219534,39.940123666666665,-75.20496516666667,008.25
1556393514.410388,39.94012416666666,-75.20496416666667,008.25
1556393514.618078,39.9401245,-75.20496333333334,008.24
1556393514.817754,39.94012466666667,-75.20496233333333,008.24
1556393515.013491,39.9401245,-75.20496133333333,008.22
1556393515.216788,39.94012466666667,-75.2049605,008.22
1556393515.417153,39.940125333333334,-75.20496066666666,008.22
1556393515.615541,39.94012566666667,-75.20496033333333,008.22
1556393515.816566,39.94012566666667,-75.20495966666667,008.23
1556393516.0127,39.94012583333333,-75.20495916666667,008.23
1556393516.220327,39.940126,-75.20495866666667,008.23
1556393516.419177,39.94012633333333,-75.204958,008.25
1556393516.61644,39.9401265,-75.20495733333334,008.25
1556393516.817199,39.940126666666664,-75.20495666666666,008.19
1556393517.020186,39.94012683333333,-75.204956,008.19
1556393517.208709,39.94012716666667,-75.20495566666666,008.23
1556393517.419382,39.940127333333336,-75.20495516666666,008.23
1556393517.618924,39.9401275,-75.20495433333333,008.19
1556393517.823141,39.940127833333335,-75.20495383333333,008.19
1556393518.017508,39.940128,-75.20495333333334,008.22
1556393518.218555,39.940128333333334,-75.204953,008.22
1556393518.416365,39.940128333333334,-75.20495233333334,008.18
1556393518.624797,39.940128333333334,-75.20495166666667,008.18
1556393518.811362,39.940128666666666,-75.20495133333333,008.19
1556393519.020356,39.940128666666666,-75.20495066666666,008.19
1556393519.213785,39.94012883333333,-75.20495033333333,008.22
1556393519.411508,39.940129166666665,-75.20494983333333,008.22
1556393519.617258,39.94012933333333,-75.20494966666666,008.22
1556393519.818037,39.94012983333333,-75.20494983333333,008.26
1556393520.011366,39.94013016666667,-75.20494966666666,008.26
1556393520.219611,39.9401305,-75.20494966666666,008.18
1556393520.415705,39.940130833333335,-75.20494966666666,008.18
1556393520.608175,39.94013116666667,-75.20494933333333,008.22
1556393520.815041,39.94013133333333,-75.20494916666667,008.22
1556393521.018015,39.9401315,-75.20494866666667,008.18
1556393521.21734,39.9401315,-75.20494816666667,008.18
1556393521.419923,39.94013183333333,-75.204948,008.23
1556393521.62199,39.940132166666665,-75.20494766666667,008.23
1556393521.816266,39.94013233333333,-75.20494716666667,008.19
1556393522.015818,39.94013283333334,-75.20494683333334,008.19
1556393522.223413,39.940133333333335,-75.20494666666667,008.22
1556393522.414292,39.9401335,-75.20494633333334,008.22
1556393522.615311,39.940134,-75.204946,008.22
1556393522.814113,39.94013433333333,-75.20494583333333,008.18
1556393523.018859,39.940134666666665,-75.2049455,008.18
1556393523.214164,39.940135,-75.204945,008.22
1556393523.413077,39.94013533333333,-75.20494483333333,008.22
1556393523.610689,39.9401355,-75.20494416666666,008.24
1556393523.814319,39.9401355,-75.204943,008.24
1556393524.016486,39.94013566666667,-75.20494216666667,008.22
1556393524.212577,39.94013616666667,-75.20494216666667,008.22
1556393524.410704,39.94013666666667,-75.20494216666667,008.23
1556393524.613313,39.940137166666666,-75.20494166666667,008.23
1556393524.810367,39.9401375,-75.20494116666667,008.24
1556393525.018463,39.940138,-75.2049415,008.24
1556393525.214273,39.94013866666667,-75.20494183333334,008.25
1556393525.413422,39.94013916666667,-75.20494166666667,008.25
1556393525.613503,39.9401395,-75.2049415,008.24
1556393525.813776,39.9401395,-75.2049405,008.24
1556393526.01145,39.94013966666667,-75.20493983333333,008.24
1556393526.212555,39.9401395,-75.20493883333333,008.25
1556393526.41369,39.94014,-75.20493866666666,008.25
1556393526.611932,39.94014033333333,-75.20493816666666,008.24
1556393526.810225,39.940140666666665,-75.20493816666666,008.24
1556393527.012668,39.94014083333333,-75.20493733333333,008.28
1556393527.20942,39.94014133333334,-75.20493666666667,008.28
1556393527.419767,39.94014216666667,-75.204936,008.27
1556393527.611517,39.94014266666667,-75.204936,008.27
1556393527.810294,39.9401425,-75.2049365,008.27
1556393528.011802,39.940143,-75.20493666666667,008.27
1556393528.21661,39.9401435,-75.20493716666667,008.29
1556393528.41423,39.94014383333333,-75.20493733333333,008.29
1556393528.608493,39.9401435,-75.204937,008.28
1556393528.811466,39.9401435,-75.204937,008.28
1556393529.013465,39.940143666666664,-75.20493716666667,008.33
1556393529.210482,39.940143666666664,-75.20493716666667,008.33
1556393529.415265,39.94014333333333,-75.20493733333333,008.33
1556393529.613563,39.94014283333333,-75.20493733333333,008.31
1556393529.816374,39.94014216666667,-75.204937,008.31
1556393530.011315,39.940141833333335,-75.20493733333333,008.30
1556393530.220033,39.94014166666667,-75.20493833333333,008.30
1556393530.413586,39.94014133333334,-75.20493883333333,008.32
1556393530.612279,39.940140666666665,-75.20493883333333,008.32
1556393530.812809,39.940140166666666,-75.20493883333333,008.33
1556393531.019547,39.94014033333333,-75.204939,008.33
1556393531.214199,39.94013983333333,-75.204939,008.31
1556393531.420678,39.940139333333335,-75.20493933333333,008.31
1556393531.615912,39.940139,-75.20493933333333,008.33
1556393531.823546,39.940138833333336,-75.20493933333333,008.33
1556393532.01104,39.9401385,-75.2049395,008.32
1556393532.212071,39.9401385,-75.2049395,008.32
1556393532.410791,39.9401385,-75.2049395,008.30
1556393532.615619,39.94013833333333,-75.20494,008.30
1556393532.815866,39.940138166666664,-75.20494066666667,008.30
1556393533.017816,39.940138,-75.20494066666667,008.36
1556393533.210135,39.940137666666665,-75.20494016666666,008.36
1556393533.412346,39.940137,-75.20494033333334,008.33
1556393533.610188,39.94013666666667,-75.20494,008.33
1556393533.810358,39.940136,-75.2049395,008.34
1556393534.010224,39.940135833333336,-75.204939,008.34
1556393534.213195,39.94013566666667,-75.20493833333333,008.35
1556393534.411098,39.940135,-75.20493783333333,008.35
1556393534.608383,39.9401345,-75.20493716666667,008.40
1556393534.812333,39.9401345,-75.20493633333334,008.40
1556393535.01123,39.940134666666665,-75.20493566666667,008.44
1556393535.217198,39.940134666666665,-75.20493466666667,008.44
1556393535.421215,39.940135,-75.204934,008.44
1556393535.609823,39.94013533333333,-75.20493366666666,008.44
1556393535.814428,39.940135833333336,-75.2049335,008.44
1556393536.015654,39.94013666666667,-75.20493366666666,008.50
1556393536.211932,39.940136833333334,-75.20493316666666,008.50
1556393536.408029,39.94013616666667,-75.20493266666666,008.52
1556393536.612101,39.94013566666667,-75.2049325,008.52
1556393536.812444,39.94013533333333,-75.20493133333333,008.51
1556393537.02187,39.94013433333333,-75.20493016666667,008.51
1556393537.223993,39.9401335,-75.2049285,008.54
1556393537.421908,39.940133833333334,-75.20492783333333,008.54
1556393537.620901,39.94013366666667,-75.2049275,008.62
1556393537.817314,39.94013316666667,-75.2049265,008.62
1556393538.011183,39.94013316666667,-75.20492616666667,008.59
1556393538.215391,39.94013316666667,-75.20492633333333,008.59
1556393538.413205,39.94013366666667,-75.20492633333333,008.61
1556393538.616169,39.94013433333333,-75.204926,008.61
1556393538.812137,39.94013483333333,-75.2049245,008.62
1556393539.025028,39.94013533333333,-75.20492216666666,008.62
1556393539.219452,39.9401355,-75.20491966666667,008.62
1556393539.416028,39.94013566666667,-75.20491783333334,008.63
1556393539.618973,39.94013566666667,-75.20491666666666,008.63
1556393539.821126,39.94013566666667,-75.2049155,008.65
1556393540.018644,39.94013533333333,-75.20491383333334,008.65
1556393540.226224,39.940134666666665,-75.20491183333333,008.69
1556393540.416373,39.94013416666667,-75.20491016666666,008.69
1556393540.615997,39.94013433333333,-75.20490933333333,008.69
1556393540.819166,39.940135,-75.2049085,008.69
1556393541.009594,39.940135,-75.204907,008.77
1556393541.212099,39.9401345,-75.2049045,008.77
1556393541.416121,39.940133833333334,-75.20490266666667,008.92
1556393541.617413,39.94013366666667,-75.20490083333334,008.92
1556393541.821131,39.94013266666666,-75.20489916666666,008.91
1556393542.01695,39.94013133333333,-75.20489633333334,008.91
1556393542.226821,39.9401305,-75.20489383333333,008.99
1556393542.414572,39.940128333333334,-75.20489066666667,008.99
1556393542.621722,39.94012683333333,-75.20488766666666,008.99
1556393542.809739,39.94012566666667,-75.2048845,008.99
1556393543.019555,39.94012416666666,-75.20488166666667,008.99
1556393543.222658,39.940123,-75.20487883333334,009.03
1556393543.411091,39.940121833333336,-75.20487566666667,009.03
1556393543.614012,39.94012083333333,-75.20487266666666,009.04
1556393543.817496,39.94011916666667,-75.20486933333333,009.04
1556393544.025318,39.940118,-75.20486683333333,009.03
1556393544.21839,39.94011616666667,-75.20486383333333,009.03
1556393544.406655,39.94011483333333,-75.204861,009.04
1556393544.618332,39.940113,-75.204858,009.04
1556393544.813587,39.940111333333334,-75.204855,009.05
1556393545.015259,39.940109666666665,-75.20485216666667,009.05
1556393545.220286,39.940108,-75.2048495,009.06
1556393545.420999,39.940106,-75.20484683333333,009.06
1556393545.61672,39.94010383333333,-75.20484433333333,009.11
1556393545.819998,39.940102333333336,-75.204843,009.11
1556393546.012334,39.940100666666666,-75.20484116666667,009.11
1556393546.216994,39.94009916666667,-75.204839,009.11
1556393546.412707,39.940098166666665,-75.20483716666666,009.11
1556393546.620483,39.940096833333335,-75.20483533333334,009.02
1556393546.812033,39.94009533333333,-75.20483366666667,009.02
1556393547.019038,39.94009416666667,-75.20483216666666,008.83
1556393547.216996,39.94009283333333,-75.20483066666667,008.83
1556393547.423641,39.94009166666667,-75.2048295,008.61
1556393547.615879,39.94009033333333,-75.204828,008.61
1556393547.818082,39.94008933333333,-75.2048265,008.55
1556393548.019664,39.940088333333335,-75.20482516666667,008.55
1556393548.218983,39.94008733333333,-75.2048235,008.55
1556393548.415756,39.9400865,-75.204822,008.55
1556393548.619707,39.940085833333335,-75.2048205,008.56
1556393548.82067,39.94008516666667,-75.20481883333333,008.56
1556393549.029261,39.9400845,-75.20481733333334,008.43
1556393549.210866,39.940083666666666,-75.20481616666666,008.43
1556393549.417781,39.9400835,-75.2048145,008.43
1556393549.623329,39.94008266666667,-75.20481333333333,008.48
1556393549.817551,39.940082,-75.20481216666667,008.48
1556393550.02153,39.94008133333333,-75.20481116666667,008.42
1556393550.217462,39.940080333333334,-75.20481,008.42
1556393550.414404,39.9400795,-75.20480883333333,008.42
1556393550.612837,39.940078666666665,-75.2048075,008.42
1556393550.81204,39.9400775,-75.20480616666667,008.44
1556393551.017312,39.940076166666664,-75.2048045,008.44
1556393551.218696,39.94007516666667,-75.20480316666666,008.41
1556393551.418962,39.94007466666667,-75.20480183333333,008.41
1556393551.611898,39.94007383333334,-75.20480066666667,008.37
1556393551.818074,39.94007283333333,-75.20479933333333,008.37
1556393552.020969,39.940071,-75.20479716666667,008.33
1556393552.219946,39.94007,-75.20479566666667,008.33
1556393552.41183,39.940068833333335,-75.20479416666667,008.33
1556393552.623779,39.940068,-75.2047925,008.33
1556393552.81655,39.94006666666667,-75.204791,008.33
1556393553.016629,39.94006533333334,-75.20478966666667,008.26
1556393553.219435,39.940064,-75.20478833333334,008.26
1556393553.42093,39.94006266666667,-75.20478716666666,008.25
1556393553.619697,39.94006133333333,-75.20478583333333,008.25
1556393553.817783,39.940060333333335,-75.2047845,008.20
1556393554.016844,39.94005883333333,-75.20478283333334,008.20
1556393554.213724,39.94005716666667,-75.2047815,008.09
1556393554.421698,39.94005583333333,-75.20477966666667,008.09
1556393554.620651,39.940054333333336,-75.20477816666667,008.07
1556393554.811749,39.940052666666666,-75.204777,008.07
1556393555.0228,39.940051,-75.20477583333333,008.06
1556393555.203986,39.94004983333333,-75.20477483333333,008.06
1556393555.407866,39.940049,-75.20477383333333,008.06
1556393555.612103,39.940048166666664,-75.20477316666667,008.09
1556393555.81922,39.940047166666666,-75.20477233333334,008.09
1556393556.015312,39.940046333333335,-75.20477233333334,007.97
1556393556.214596,39.94004566666667,-75.20477216666667,007.97
1556393556.413383,39.94004483333333,-75.20477166666667,007.93
1556393556.615546,39.940043833333334,-75.204771,007.93
1556393556.815624,39.94004283333334,-75.20477033333333,007.97
1556393557.015714,39.940042166666665,-75.20476983333333,007.97
1556393557.220095,39.94004116666667,-75.20476916666667,007.97
1556393557.411999,39.940040333333336,-75.204769,007.97
1556393557.607598,39.9400395,-75.20476833333333,007.79
1556393557.812554,39.940038666666666,-75.20476783333334,007.79
1556393558.006618,39.940038,-75.2047675,007.89
1556393558.21572,39.940037333333336,-75.204767,007.89
1556393558.408159,39.940037,-75.20476716666667,007.88
1556393558.613841,39.94003633333333,-75.20476716666667,007.88
1556393558.813116,39.94003566666667,-75.20476716666667,007.88
1556393559.013868,39.94003466666667,-75.20476716666667,007.88
1556393559.217045,39.94003433333334,-75.20476716666667,007.88
1556393559.420975,39.94003383333333,-75.20476683333334,007.88
1556393559.613,39.94003283333333,-75.2047665,007.88
1556393559.818863,39.94003216666667,-75.20476616666667,007.88
1556393560.016292,39.94003133333333,-75.20476583333334,007.88
1556393560.225388,39.94003,-75.2047655,007.81
1556393560.407424,39.940028833333336,-75.204765,007.81
1556393560.617397,39.940028,-75.20476466666666,007.82
1556393560.813692,39.94002716666667,-75.204764,007.82
1556393561.020758,39.94002616666667,-75.20476366666666,007.82
1556393561.21349,39.94002533333333,-75.204763,007.82
1556393561.417437,39.9400245,-75.20476266666667,007.60
1556393561.621794,39.9400235,-75.2047625,007.60
1556393561.813326,39.940022666666664,-75.20476233333333,007.46
1556393562.018154,39.94002166666667,-75.20476183333334,007.46
1556393562.214707,39.94002066666667,-75.20476116666667,007.46
1556393562.408877,39.94001983333333,-75.20476083333334,007.57
1556393562.615522,39.94001816666667,-75.20475966666666,007.57
1556393562.814724,39.94001766666667,-75.2047585,007.54
1556393563.013531,39.94001766666667,-75.20475666666667,007.54
1556393563.217712,39.940016666666665,-75.20475566666667,007.42
1556393563.417887,39.940015833333334,-75.20475483333334,007.42
1556393563.612272,39.940014833333336,-75.20475433333333,007.41
1556393563.816819,39.94001383333333,-75.20475383333333,007.41
1556393564.010282,39.94001266666667,-75.20475366666666,007.40
1556393564.218316,39.9400115,-75.2047535,007.40
1556393564.412955,39.9400105,-75.20475316666666,007.38
1556393564.615244,39.940009333333336,-75.20475233333333,007.38
1556393564.821325,39.940008,-75.204752,007.27
1556393565.016935,39.940007,-75.2047515,007.27
1556393565.210397,39.94000616666667,-75.20475116666667,007.35
1556393565.416282,39.940005,-75.204751,007.35
1556393565.621097,39.94000366666667,-75.20475083333334,007.35
1556393565.814189,39.94000233333333,-75.20475083333334,007.32
1556393566.012702,39.940001,-75.2047505,007.32
1556393566.223534,39.94,-75.20475016666667,007.26
1556393566.41154,39.9399985,-75.20474983333334,007.26
1556393566.6172,39.93999733333333,-75.2047495,007.26
1556393566.812039,39.9399965,-75.20474916666667,007.26
1556393567.016952,39.939995833333334,-75.204749,007.20
1556393567.219112,39.939995333333336,-75.20474883333333,007.20
1556393567.413412,39.939994666666664,-75.20474883333333,007.20
1556393567.61619,39.93999383333333,-75.2047485,007.20
1556393567.813491,39.93999316666667,-75.204749,007.21
1556393568.010834,39.93999266666667,-75.20474933333334,007.21
1556393568.213272,39.939992,-75.20474966666667,007.11
1556393568.41007,39.93999133333333,-75.2047495,007.11
1556393568.618629,39.939990333333334,-75.20474883333333,007.10
1556393568.814216,39.9399895,-75.20474816666666,007.10
1556393569.018409,39.939988666666665,-75.2047475,007.10
1556393569.217055,39.93998783333333,-75.20474716666666,007.07
1556393569.411128,39.939987333333335,-75.204747,007.07
1556393569.613857,39.93998666666667,-75.204747,007.10
1556393569.823851,39.93998533333333,-75.204746,007.10
1556393570.019394,39.93998416666667,-75.204745,006.93
1556393570.225329,39.93998366666667,-75.2047445,006.93
1556393570.423232,39.939983,-75.2047435,007.06
1556393570.623637,39.939982666666666,-75.20474283333333,007.06
1556393570.822336,39.93998216666667,-75.20474266666666,007.06
1556393571.014038,39.939981833333334,-75.2047425,007.06
1556393571.215911,39.93998066666666,-75.2047415,007.06
1556393571.41777,39.93998,-75.204741,007.06
1556393571.617455,39.93997933333333,-75.20474066666667,007.06
1556393571.818125,39.939979,-75.20474066666667,007.06
1556393572.021061,39.939979,-75.20474016666667,006.52
1556393572.213305,39.939977999999996,-75.20473916666667,006.52
1556393572.41431,39.93997783333333,-75.204739,006.52
1556393572.612704,39.93997733333333,-75.20473866666667,006.74
1556393572.814185,39.93997666666667,-75.20473816666667,006.74
1556393573.024407,39.93997566666667,-75.204737,006.74
1556393573.213928,39.93997483333333,-75.20473583333333,006.74
1556393573.419191,39.939974,-75.20473516666667,006.70
1556393573.621572,39.93997366666667,-75.20473466666667,006.70
1556393573.816348,39.93997366666667,-75.2047345,006.68
1556393574.013127,39.93997366666667,-75.2047345,006.68
1556393574.21966,39.939973333333334,-75.20473383333334,006.68
1556393574.41606,39.939973,-75.2047335,006.68
1556393574.616876,39.939972833333336,-75.2047335,006.69
1556393574.813769,39.939972166666664,-75.20473283333334,006.69
1556393575.020715,39.93997183333333,-75.20473266666667,006.69
1556393575.213412,39.939972,-75.20473266666667,006.69
1556393575.417196,39.9399715,-75.204732,006.69
1556393575.61453,39.93997066666667,-75.20473116666666,006.64
1556393575.81645,39.93997016666667,-75.20473116666666,006.64
1556393576.013332,39.939969833333336,-75.204731,006.69
1556393576.211597,39.93996966666667,-75.20473083333333,006.69
1556393576.409991,39.93996966666667,-75.204731,006.59
1556393576.610645,39.93996883333333,-75.20473,006.59
1556393576.808813,39.9399685,-75.20472916666667,006.63
1556393577.01081,39.9399685,-75.20472883333333,006.63
1556393577.210159,39.93996883333333,-75.20472916666667,006.55
1556393577.414548,39.939969,-75.20472916666667,006.55
1556393577.609541,39.939969166666664,-75.204729,006.50
1556393577.81204,39.9399685,-75.204728,006.50
1556393578.009352,39.939968666666665,-75.20472783333334,006.52
1556393578.21183,39.939969166666664,-75.204728,006.52
1556393578.410136,39.939969166666664,-75.20472766666667,006.48
1556393578.616898,39.939969,-75.20472716666667,006.48
1556393578.809499,39.939969,-75.20472716666667,006.48
1556393579.016607,39.939968666666665,-75.20472683333334,006.48
1556393579.209479,39.93996883333333,-75.2047265,006.48
1556393579.415185,39.939969,-75.20472666666667,006.48
1556393579.6124,39.939969,-75.20472633333333,006.48
1556393579.810762,39.9399695,-75.20472666666667,006.43
1556393580.007678,39.93996966666667,-75.2047265,006.43
1556393580.216833,39.93997016666667,-75.20472683333334,006.48
1556393580.40862,39.9399705,-75.2047275,006.48
1556393580.613312,39.939970833333334,-75.20472783333334,006.47
1556393580.814317,39.939971166666666,-75.20472816666667,006.47
1556393581.011056,39.93997133333333,-75.20472866666667,006.37
1556393581.214354,39.939971666666665,-75.204729,006.37
1556393581.410191,39.939972166666664,-75.2047295,006.32
1556393581.615666,39.9399725,-75.20472983333333,006.32
1556393581.816541,39.939972833333336,-75.20473,006.40
1556393582.012797,39.9399735,-75.20473066666666,006.40
1556393582.213293,39.93997383333333,-75.20473083333333,006.40
1556393582.411544,39.93997366666667,-75.204731,006.40
1556393582.608849,39.93997366666667,-75.2047315,006.40
1556393582.812336,39.93997366666667,-75.204732,006.39
1556393583.012235,39.93997383333333,-75.20473233333334,006.39
1556393583.21686,39.93997366666667,-75.20473216666667,006.37
1556393583.415511,39.93997366666667,-75.20473233333334,006.37
1556393583.610662,39.939974,-75.2047325,006.37
1556393583.816649,39.939974166666666,-75.2047325,006.37
1556393584.015562,39.93997433333333,-75.20473266666667,006.40
1556393584.207976,39.939974666666664,-75.20473266666667,006.40
1556393584.411845,39.939974666666664,-75.20473216666667,006.37
1556393584.617244,39.939974666666664,-75.204733,006.37
1556393584.812113,39.939974666666664,-75.20473283333334,006.29
1556393585.021531,39.939975,-75.20473266666667,006.29
1556393585.215654,39.93997533333334,-75.20473316666667,006.30
1556393585.413566,39.93997533333334,-75.2047335,006.30
1556393585.613382,39.9399755,-75.20473416666667,006.30
1556393585.814816,39.9399755,-75.20473383333334,006.24
1556393586.01088,39.93997566666667,-75.20473366666667,006.24
1556393586.216873,39.93997566666667,-75.204733,006.32
1556393586.412371,39.9399755,-75.20473266666667,006.32
1556393586.615054,39.9399755,-75.2047325,006.19
1556393586.81789,39.93997566666667,-75.20473233333334,006.19
1556393587.016013,39.9399755,-75.20473216666667,006.31
1556393587.218885,39.93997533333334,-75.204732,006.31
1556393587.421376,39.93997516666667,-75.204732,006.16
1556393587.618126,39.93997516666667,-75.20473166666666,006.16
1556393587.820632,39.93997483333333,-75.2047315,006.17
1556393588.010569,39.939975,-75.20473133333333,006.17
1556393588.215828,39.93997533333334,-75.20473133333333,006.11
1556393588.417029,39.93997516666667,-75.204731,006.11
1556393588.616608,39.93997516666667,-75.20473066666666,006.11
1556393588.812723,39.93997533333334,-75.20473083333333,006.04
1556393589.019256,39.939975,-75.20473083333333,006.04
1556393589.21291,39.9399745,-75.2047305,006.14
1556393589.415703,39.939974166666666,-75.20473033333333,006.14
1556393589.617399,39.939974666666664,-75.20473033333333,005.96
1556393589.812254,39.939975,-75.20473016666666,005.96
1556393590.016583,39.93997516666667,-75.20473033333333,006.00
1556393590.218352,39.93997483333333,-75.20473033333333,006.00
1556393590.416658,39.9399745,-75.20473,005.92
1556393590.618797,39.939974166666666,-75.20472983333333,005.92
1556393590.81647,39.93997383333333,-75.2047295,005.92
1556393591.025003,39.939973333333334,-75.20472883333333,005.92
1556393591.21524,39.93997366666667,-75.204729,005.92
1556393591.41422,39.9399735,-75.20472883333333,005.92
1556393591.622132,39.939973,-75.20472866666667,005.64
1556393591.818291,39.93997233333333,-75.20472833333334,005.64
1556393592.018885,39.93997133333333,-75.2047275,005.64
1556393592.210012,39.939970333333335,-75.20472683333334,005.64
1556393592.422169,39.93996966666667,-75.20472666666667,005.64
1556393592.625059,39.9399695,-75.20472666666667,005.64
1556393592.825437,39.93996933333333,-75.20472683333334,005.64
1556393593.026292,39.93996816666667,-75.204726,005.64
1556393593.214326,39.93996766666667,-75.20472566666666,005.64
1556393593.423184,39.9399675,-75.2047255,001.55
1556393593.612454,39.93996716666667,-75.2047255,001.55
1556393593.816528,39.93996683333334,-75.20472533333333,001.55
1556393594.010664,39.939965666666666,-75.2047245,001.55
1556393594.212178,39.939965,-75.204724,001.55
1556393594.410263,39.939964833333335,-75.204724,001.55
1556393594.611248,39.939964,-75.20472383333333,001.55
1556393594.817803,39.939963166666665,-75.20472366666667,001.55
1556393595.018003,39.939962333333334,-75.204723,000.31
1556393595.216572,39.93996166666667,-75.20472316666667,000.31
1556393595.420855,39.93996033333333,-75.20472266666667,000.31
1556393595.621715,39.939959333333334,-75.2047225,000.33
1556393595.817126,39.93995816666666,-75.2047225,000.33
1556393596.016416,39.939957166666666,-75.204722,000.31
1556393596.221227,39.939956,-75.20472166666667,000.31
1556393596.412456,39.939955,-75.20472133333334,000.34
1556393596.620908,39.9399545,-75.20472133333334,000.34
1556393596.812055,39.939953833333334,-75.20472083333334,000.59
1556393597.02185,39.939953,-75.20472033333333,000.59
1556393597.217135,39.939952166666664,-75.20472,000.50
1556393597.416071,39.93995116666667,-75.2047195,000.50
1556393597.617307,39.93995016666667,-75.20471916666666,000.48
1556393597.812309,39.939949166666665,-75.20471883333333,000.48
1556393598.015433,39.93994816666667,-75.20471866666666,000.30
1556393598.218024,39.93994766666667,-75.20471816666667,000.30
1556393598.415935,39.9399475,-75.204718,000.44
1556393598.610763,39.939947,-75.20471783333333,000.44
1556393598.816818,39.93994633333333,-75.20471783333333,000.44
1556393599.017252,39.9399455,-75.20471766666667,000.35
1556393599.219806,39.9399445,-75.20471716666667,000.35
1556393599.419408,39.93994383333333,-75.20471716666667,000.42
1556393599.613316,39.939943166666666,-75.204717,000.42
1556393599.817933,39.93994266666667,-75.20471683333334,000.56
1556393600.015359,39.939942333333335,-75.20471633333334,000.56
1556393600.219652,39.939941833333336,-75.204716,000.38
1556393600.418943,39.93994166666667,-75.20471583333334,000.38
1556393600.619166,39.93994133333333,-75.20471566666667,000.45
1556393600.822165,39.939941166666664,-75.20471533333334,000.45
1556393601.020084,39.9399405,-75.204715,000.38
1556393601.218603,39.93994033333333,-75.20471433333333,000.38
1556393601.418491,39.939939833333334,-75.204714,000.62
1556393601.610394,39.939939333333335,-75.20471383333333,000.62
1556393601.815132,39.939939,-75.20471366666666,000.62
1556393602.015786,39.93993866666667,-75.20471333333333,000.62
1556393602.227204,39.93993866666667,-75.204713,000.62
1556393602.419465,39.9399385,-75.2047125,000.48
1556393602.618,39.93993866666667,-75.20471233333333,000.48
1556393602.819448,39.93993833333333,-75.20471216666667,000.44
1556393603.02071,39.939938,-75.20471166666667,000.44
1556393603.220998,39.93993733333333,-75.20471116666667,000.45
1556393603.418824,39.93993716666667,-75.204711,000.45
1556393603.619764,39.939936833333334,-75.204711,000.40
1556393603.827069,39.93993666666667,-75.20471066666667,000.40
1556393604.022798,39.939936333333335,-75.20471033333334,000.52
1556393604.220795,39.939936333333335,-75.20471,000.52
1556393604.418076,39.939936,-75.20470983333334,000.41
1556393604.621527,39.93993583333334,-75.2047095,000.41
1556393604.815087,39.9399355,-75.2047095,000.57
1556393605.016969,39.939935,-75.2047095,000.57
1556393605.218727,39.939935,-75.204709,000.57
1556393605.419111,39.939935,-75.20470883333333,000.76
1556393605.61543,39.939934666666666,-75.20470866666666,000.76
1556393605.820489,39.9399345,-75.204709,000.51
1556393606.017039,39.939934666666666,-75.204709,000.51
1556393606.215356,39.939934666666666,-75.20470866666666,000.56
1556393606.414771,39.9399345,-75.20470816666666,000.56
1556393606.615874,39.93993433333333,-75.20470783333333,000.56
1556393606.812283,39.93993433333333,-75.20470733333333,000.56
1556393607.022218,39.9399345,-75.20470716666667,000.38
1556393607.21109,39.9399345,-75.20470666666667,000.38
1556393607.414078,39.93993416666667,-75.204706,000.33
1556393607.611918,39.93993416666667,-75.20470533333334,000.33
1556393607.81734,39.939933833333335,-75.20470466666667,000.57
1556393608.010162,39.939933833333335,-75.20470433333334,000.57
1556393608.212822,39.939933833333335,-75.20470416666667,000.57
1556393608.41644,39.939933833333335,-75.20470383333334,000.57
1556393608.616448,39.93993416666667,-75.20470383333334,000.57
1556393608.815029,39.93993433333333,-75.20470366666666,000.35
1556393609.021505,39.939934,-75.20470266666666,000.35
1556393609.218026,39.939933833333335,-75.204702,000.53
1556393609.420631,39.939933833333335,-75.20470183333333,000.53
1556393609.612956,39.939933833333335,-75.20470166666667,000.62
1556393609.817376,39.93993366666667,-75.20470116666667,000.62
1556393610.010278,39.93993366666667,-75.204701,000.60
1556393610.215946,39.939933333333336,-75.20470016666667,000.60
1556393610.415389,39.939932666666664,-75.2046995,000.38
1556393610.612043,39.93993233333333,-75.20469916666667,000.38
1556393610.810328,39.939932166666665,-75.20469883333334,000.32
1556393611.017911,39.939932,-75.20469866666667,000.32
1556393611.221389,39.939931333333334,-75.20469816666666,000.56
1556393611.413018,39.939930833333335,-75.20469766666666,000.56
1556393611.612706,39.9399305,-75.2046975,000.56
1556393611.816372,39.93993,-75.20469666666666,000.41
1556393612.013456,39.939929666666664,-75.2046965,000.41
1556393612.22008,39.939929666666664,-75.20469666666666,000.50
1556393612.413526,39.93992933333333,-75.20469666666666,000.50
1556393612.617415,39.93992883333333,-75.204696,000.37
1556393612.812309,39.93992866666667,-75.20469633333333,000.37
1556393613.018234,39.93992866666667,-75.2046965,000.62
1556393613.218401,39.93992816666667,-75.204696,000.62
1556393613.419291,39.9399275,-75.20469566666667,000.51
1556393613.615266,39.93992716666666,-75.20469533333333,000.51
1556393613.814653,39.93992683333333,-75.20469466666667,000.49
1556393614.018957,39.939926666666665,-75.204694,000.49
1556393614.223344,39.939926166666666,-75.20469333333334,000.34
1556393614.420804,39.939925833333334,-75.204693,000.34
1556393614.621024,39.939925833333334,-75.20469266666667,000.54
1556393614.814462,39.93992566666667,-75.20469216666666,000.54
1556393615.021591,39.93992566666667,-75.20469216666666,000.54
1556393615.218874,39.939925,-75.20469166666666,000.39
1556393615.420367,39.93992466666667,-75.20469166666666,000.39
1556393615.612484,39.939924500000004,-75.20469133333333,000.36
1556393615.818367,39.939924166666664,-75.20469116666666,000.36
1556393616.010116,39.93992316666667,-75.20468966666667,000.50
1556393616.212182,39.93992316666667,-75.20468933333333,000.50
1556393616.417558,39.93992316666667,-75.2046895,000.60
1556393616.616296,39.93992266666667,-75.20468933333333,000.60
1556393616.814033,39.939922333333335,-75.20468916666667,000.39
1556393617.017284,39.93992216666667,-75.204689,000.39
1556393617.218783,39.939922333333335,-75.204689,000.35
1556393617.415494,39.93992183333334,-75.20468933333333,000.35
1556393617.619009,39.93992183333334,-75.20468883333334,000.33
1556393617.813319,39.93992083333333,-75.20468783333334,000.33
1556393618.016726,39.93992016666667,-75.20468683333333,000.42
1556393618.221611,39.9399195,-75.2046865,000.42
1556393618.412651,39.93991883333333,-75.204686,000.42
1556393618.617091,39.93991833333333,-75.20468566666666,000.94
1556393618.814067,39.9399185,-75.2046855,000.94
1556393619.012875,39.9399185,-75.20468533333333,000.39
1556393619.211159,39.939918166666665,-75.2046855,000.39
1556393619.413093,39.939917666666666,-75.20468516666666,000.33
1556393619.611349,39.939917333333334,-75.20468483333333,000.33
1556393619.815426,39.93991716666667,-75.20468516666666,000.37
1556393620.013266,39.939916833333335,-75.20468516666666,000.37
1556393620.224681,39.939916333333336,-75.204685,000.30
1556393620.41735,39.93991616666667,-75.20468533333333,000.30
1556393620.622081,39.93991583333333,-75.2046855,000.39
1556393620.814626,39.939915,-75.20468483333333,000.39
1556393621.017972,39.939914,-75.204684,000.39
1556393621.214184,39.9399135,-75.2046835,000.39
1556393621.414995,39.93991233333333,-75.20468216666667,000.39
1556393621.614363,39.939911333333335,-75.204681,000.44
1556393621.822035,39.93991033333333,-75.20468033333333,000.44
1556393622.014061,39.939910166666664,-75.20468083333333,000.44
1556393622.219466,39.9399095,-75.20468066666666,000.44
1556393622.415916,39.939909166666666,-75.20468066666666,000.39
1556393622.615437,39.939909,-75.20468116666666,000.39
1556393622.811259,39.9399085,-75.20468133333334,000.32
1556393623.012499,39.93990733333333,-75.2046805,000.32
1556393623.220182,39.939906,-75.2046795,000.43
1556393623.414066,39.93990483333333,-75.20467883333333,000.43
1556393623.610885,39.939904166666665,-75.2046785,000.42
1556393623.82203,39.9399035,-75.204678,000.42
1556393624.004526,39.939903,-75.204678,000.44
1556393624.217719,39.93990216666667,-75.20467716666667,000.44
1556393624.415547,39.93990083333333,-75.20467583333334,000.51
1556393624.620989,39.9398995,-75.20467433333333,000.51
1556393624.817019,39.93989833333333,-75.20467333333333,000.51
1556393625.019871,39.93989716666667,-75.20467216666667,000.43
1556393625.218862,39.93989633333333,-75.2046715,000.43
1556393625.424122,39.939896166666664,-75.20467133333334,000.34
1556393625.613946,39.939896166666664,-75.20467116666667,000.34
1556393625.823083,39.939896166666664,-75.20467083333334,000.30
1556393626.025133,39.9398955,-75.20467033333334,000.30
1556393626.229847,39.939895166666666,-75.20467,000.33
1556393626.418635,39.939894333333335,-75.20466916666666,000.33
1556393626.621813,39.93989366666667,-75.2046685,001.29
1556393626.824058,39.939893,-75.204668,001.29
1556393627.024814,39.9398925,-75.20466766666667,000.37
1556393627.218253,39.939891833333334,-75.204667,000.37
1556393627.42432,39.9398915,-75.20466666666667,000.32
1556393627.618537,39.9398915,-75.20466683333333,000.32
1556393627.821013,39.939891333333335,-75.20466633333334,000.35
1556393628.016935,39.93989083333334,-75.20466616666667,000.35
1556393628.225276,39.93989083333334,-75.20466583333334,000.35
1556393628.420659,39.93989166666667,-75.20466633333334,000.30
1556393628.617873,39.939892,-75.20466633333334,000.30
1556393628.818861,39.9398925,-75.2046665,000.30
1556393629.018354,39.939892666666665,-75.20466633333334,000.30
1556393629.222176,39.9398925,-75.20466616666667,000.38
1556393629.428588,39.939892,-75.20466566666667,000.38
1556393629.623101,39.939892,-75.2046655,000.31
1556393629.825377,39.9398925,-75.20466583333334,000.31
1556393630.022444,39.939893166666664,-75.2046665,000.31
1556393630.227061,39.939893833333336,-75.204667,000.31
1556393630.426803,39.939893833333336,-75.20466716666667,000.67
1556393630.629709,39.939894,-75.2046675,000.67
1556393630.820853,39.939894,-75.20466766666667,000.67
1556393631.026716,39.939894,-75.20466766666667,000.67
1556393631.22022,39.93989466666667,-75.20466833333333,000.67
1556393631.423583,39.93989533333333,-75.20466833333333,000.67
1556393631.627215,39.93989633333333,-75.204669,000.67
1556393631.821231,39.939897,-75.2046695,000.30
1556393632.011351,39.939897333333334,-75.20467016666667,000.30
1556393632.222603,39.93989766666667,-75.20467033333334,000.30
1556393632.414036,39.9398975,-75.20467083333334,000.30
1556393632.621759,39.939898166666666,-75.20467083333334,000.59
1556393632.818137,39.93989883333333,-75.20467116666667,000.59
1556393633.02307,39.93989933333334,-75.20467116666667,000.37
1556393633.211818,39.939899833333335,-75.20467133333334,000.37
1556393633.418324,39.93990066666667,-75.20467166666667,000.37
1556393633.617563,39.93990133333333,-75.20467166666667,000.37
1556393633.818112,39.93990216666667,-75.20467233333333,000.34
1556393634.018206,39.93990316666667,-75.20467283333333,000.34
1556393634.224356,39.93990383333333,-75.2046735,000.30
1556393634.409461,39.9399035,-75.20467266666667,000.30
1556393634.6094,39.93990333333333,-75.204672,000.30
1556393634.811847,39.939903,-75.20467183333334,000.47
1556393635.00911,39.93990266666667,-75.20467133333334,000.47
1556393635.213002,39.93990266666667,-75.20467133333334,000.30
1556393635.411812,39.93990266666667,-75.204671,000.30
1556393635.614344,39.93990266666667,-75.20467066666667,000.30
1556393635.819258,39.939902833333335,-75.20467083333334,000.30
1556393636.009695,39.939903,-75.20467083333334,000.30
1556393636.212373,39.939903,-75.20467083333334,000.30
1556393636.410914,39.93990316666667,-75.20467066666667,000.34
1556393636.611758,39.93990316666667,-75.20467066666667,000.34
1556393636.810754,39.93990333333333,-75.2046705,000.00
1556393637.021051,39.93990333333333,-75.20467016666667,000.00
1556393637.210769,39.93990316666667,-75.20466983333333,000.49
1556393637.414993,39.93990316666667,-75.20467,000.49
1556393637.611317,39.939903,-75.20466983333333,000.35
1556393637.813685,39.939902833333335,-75.20466966666666,000.35
1556393638.010954,39.93990266666667,-75.204669,000.35
1556393638.22197,39.9399025,-75.20466883333333,000.44
1556393638.418922,39.93990216666667,-75.204669,000.44
1556393638.614312,39.939902833333335,-75.2046695,000.42
1556393638.812288,39.9399025,-75.20466933333333,000.42
1556393639.014933,39.93990266666667,-75.20466983333333,001.39
1556393639.218251,39.939902833333335,-75.20467,001.39
1556393639.416633,39.939903,-75.20467016666667,001.39
1556393639.61597,39.93990333333333,-75.2046705,001.39
1556393639.815625,39.939903666666666,-75.20467116666667,001.39
1556393640.008032,39.93990433333333,-75.20467183333334,001.39
1556393640.21678,39.93990466666666,-75.20467233333333,001.39
1556393640.41666,39.9399045,-75.20467266666667,001.39
1556393640.61148,39.939905,-75.2046735,002.74
1556393640.812012,39.93990516666667,-75.20467383333333,002.74
1556393641.018404,39.939905833333334,-75.20467466666666,002.74
1556393641.215717,39.93990616666667,-75.204675,002.74
1556393641.417268,39.939905833333334,-75.204675,002.74
1556393641.616764,39.939905833333334,-75.20467483333333,002.72
1556393641.818153,39.939905833333334,-75.204675,002.72
1556393642.023253,39.93990566666667,-75.20467516666666,002.72
1556393642.22306,39.93990616666667,-75.2046755,002.72
1556393642.417112,39.939906666666666,-75.20467616666667,002.72
1556393642.625212,39.93990633333333,-75.20467666666667,002.72
1556393642.817139,39.9399065,-75.20467716666667,002.72
1556393643.023354,39.939907166666664,-75.20467833333333,002.72
1556393643.222264,39.939907833333336,-75.20467933333333,000.32
1556393643.419508,39.939908333333335,-75.20467966666666,000.32
1556393643.618788,39.939908333333335,-75.2046805,000.32
1556393643.822153,39.93990866666667,-75.20468083333333,000.32
1556393644.020788,39.93990866666667,-75.2046805,000.42
1556393644.21954,39.9399085,-75.20468083333333,000.42
1556393644.411009,39.93990866666667,-75.20468083333333,000.42
1556393644.621044,39.93990866666667,-75.20468066666666,000.35
1556393644.818922,39.939908833333334,-75.20468083333333,000.35
1556393645.017785,39.939909,-75.20468116666666,000.50
1556393645.218024,39.939908833333334,-75.204681,000.50
1556393645.423215,39.9399085,-75.20468033333333,000.41
1556393645.616539,39.9399085,-75.20468016666666,000.41
1556393645.822467,39.939908333333335,-75.20467983333333,000.35
1556393646.012867,39.939908,-75.20467966666666,000.35
1556393646.221196,39.939907833333336,-75.20467933333333,000.35
1556393646.41918,39.93990766666667,-75.20467916666666,000.35
1556393646.620034,39.9399075,-75.20467916666666,000.35
1556393646.819707,39.939907166666664,-75.20467883333333,000.35
1556393647.024289,39.93990683333333,-75.20467866666667,000.35
1556393647.220678,39.939906666666666,-75.20467816666667,000.35
1556393647.425911,39.93990633333333,-75.204678,002.09
1556393647.619396,39.939906,-75.20467766666667,002.09
1556393647.825342,39.939906,-75.20467733333334,002.09
1556393648.018663,39.93990566666667,-75.20467683333334,002.09
1556393648.219576,39.939905333333336,-75.20467666666667,002.09
1556393648.420803,39.93990483333333,-75.20467633333334,002.05
1556393648.622537,39.93990433333333,-75.20467616666667,002.05
1556393648.814646,39.939904166666665,-75.20467566666666,002.05
1556393649.021288,39.93990383333333,-75.20467533333333,002.05
1556393649.217293,39.9399035,-75.204675,002.04
1556393649.416963,39.939902833333335,-75.20467433333333,002.04
1556393649.617523,39.93990216666667,-75.20467366666666,002.03
1556393649.819103,39.93990183333333,-75.2046735,002.03
1556393650.020536,39.9399015,-75.20467333333333,002.02
1556393650.225086,39.93990133333333,-75.204673,002.02
1556393650.417822,39.93990083333333,-75.20467233333333,002.02
1556393650.620094,39.939900333333334,-75.20467183333334,002.02
1556393650.819499,39.93990016666667,-75.20467133333334,002.03
1556393651.020198,39.939900333333334,-75.204671,002.03
1556393651.21667,39.9399,-75.20467066666667,002.03
1556393651.418799,39.9398995,-75.20467016666667,001.97
1556393651.619165,39.93989883333333,-75.20466933333333,001.97
1556393651.822791,39.939898166666666,-75.20466866666666,001.95
1556393652.016675,39.93989783333333,-75.2046685,001.95
1556393652.219474,39.939898,-75.20466866666666,001.98
1556393652.418675,39.93989783333333,-75.20466866666666,001.98
1556393652.625995,39.939898166666666,-75.2046685,001.98
1556393652.825228,39.9398975,-75.204668,001.98
1556393653.018239,39.93989766666667,-75.204668,001.90
1556393653.216128,39.93989766666667,-75.204668,001.90
1556393653.420729,39.939897333333334,-75.2046675,001.90
1556393653.611073,39.939897,-75.2046675,001.90
1556393653.815863,39.939897,-75.20466766666667,001.90
1556393654.016858,39.939896833333336,-75.2046675,001.90
1556393654.210271,39.9398965,-75.20466716666667,001.90
1556393654.415968,39.93989633333333,-75.204667,001.90
1556393654.615354,39.939896,-75.20466683333333,001.90
1556393654.807487,39.939896,-75.20466666666667,001.90
1556393655.01054,39.939896,-75.2046665,001.90
1556393655.223297,39.939896166666664,-75.20466633333334,001.85
1556393655.41225,39.9398965,-75.2046665,001.85
1556393655.612928,39.939896166666664,-75.20466616666667,001.87
1556393655.811229,39.9398965,-75.20466633333334,001.87
1556393656.011483,39.939897,-75.20466616666667,001.82
1556393656.220221,39.93989666666667,-75.20466566666667,001.82
1556393656.411642,39.93989666666667,-75.2046655,001.81
1556393656.616859,39.939896833333336,-75.20466533333334,001.81
1556393656.816929,39.939896,-75.20466466666667,001.79
1556393657.023092,39.93989583333333,-75.20466433333333,001.79
1556393657.220872,39.9398945,-75.2046635,001.74
1556393657.415729,39.939893833333336,-75.20466333333333,001.74
1556393657.61916,39.93989416666667,-75.2046635,001.75
1556393657.818288,39.939894333333335,-75.20466383333333,001.75
1556393658.015572,39.939894333333335,-75.20466383333333,001.75
1556393658.215457,39.9398945,-75.20466416666666,001.73
1556393658.409551,39.9398945,-75.2046645,001.73
1556393658.616026,39.939894,-75.2046645,001.69
1556393658.817906,39.9398935,-75.20466416666666,001.69
1556393659.022206,39.93989283333333,-75.20466383333333,001.70
1556393659.212914,39.9398925,-75.2046635,001.70
1556393659.426609,39.93989233333333,-75.20466316666666,001.70
1556393659.617222,39.93989116666667,-75.20466233333333,001.70
1556393659.818231,39.939891,-75.20466216666667,001.28
1556393660.019249,39.939891333333335,-75.20466233333333,001.28
1556393660.21426,39.93989216666667,-75.204663,000.58
1556393660.411044,39.93989233333333,-75.20466316666666,000.58
1556393660.616766,39.93989233333333,-75.20466316666666,000.37
1556393660.809527,39.93989283333333,-75.20466333333333,000.37
1556393661.020146,39.939893166666664,-75.20466333333333,000.37
1556393661.215432,39.9398935,-75.20466333333333,000.37
1556393661.417899,39.939892666666665,-75.20466283333333,000.37
1556393661.609145,39.93989333333333,-75.204663,000.37
1556393661.812067,39.9398935,-75.20466283333333,000.37
1556393662.011657,39.93989283333333,-75.20466216666667,000.34
1556393662.230045,39.9398925,-75.2046615,000.34
1556393662.407694,39.93989233333333,-75.20466133333333,000.34
1556393662.611652,39.939892666666665,-75.20466133333333,000.34
1556393662.81005,39.93989233333333,-75.20466083333334,000.34
1556393663.017445,39.93989233333333,-75.20466066666667,000.34
1556393663.216358,39.939893166666664,-75.204661,000.34
1556393663.415311,39.93989333333333,-75.204661,000.34
1556393663.616825,39.939893166666664,-75.20466083333334,001.63
1556393663.808321,39.93989283333333,-75.20466033333334,001.63
1556393664.013923,39.939891833333334,-75.2046595,001.56
1556393664.220456,39.939892,-75.2046595,001.56
1556393664.41267,39.9398915,-75.20465916666667,001.56
1556393664.612309,39.93989216666667,-75.20465916666667,001.61
1556393664.816516,39.939891833333334,-75.20465866666666,001.61
1556393665.01438,39.939891833333334,-75.2046585,001.56
1556393665.21251,39.939891,-75.20465783333333,001.56
1556393665.418161,39.939890166666665,-75.20465683333333,001.56
1556393665.618692,39.93989116666667,-75.20465733333333,001.56
1556393665.811968,39.9398915,-75.20465733333333,001.56
1556393666.009014,39.939891333333335,-75.20465683333333,001.56
1556393666.213393,39.9398915,-75.20465683333333,001.36
1556393666.411227,39.9398915,-75.20465666666666,001.36
1556393666.608749,39.9398915,-75.20465633333333,001.33
1556393666.811206,39.939891,-75.20465583333333,001.33
1556393667.008943,39.93989033333333,-75.20465533333333,001.29
1556393667.207187,39.93988933333333,-75.20465433333334,001.29
1556393667.410403,39.939888833333335,-75.2046535,001.22
1556393667.615239,39.9398885,-75.204653,001.22
1556393667.814595,39.93988783333333,-75.20465233333333,001.22
1556393668.009774,39.93988683333333,-75.20465133333333,001.23
1556393668.212131,39.9398865,-75.20465083333333,001.23
1556393668.415287,39.939886,-75.20465033333333,001.25
1556393668.61617,39.9398855,-75.20465,001.25
1556393668.812865,39.939885333333336,-75.20464966666667,001.20
1556393669.019876,39.939885,-75.204649,001.20
1556393669.217781,39.9398845,-75.2046485,001.18
1556393669.417509,39.93988383333333,-75.20464783333334,001.18
1556393669.613864,39.93988366666667,-75.20464733333333,001.17
1556393669.816043,39.93988316666667,-75.20464683333333,001.17
1556393670.012427,39.939883,-75.20464666666666,001.16
1556393670.21736,39.93988316666667,-75.2046465,001.16
1556393670.414241,39.939883,-75.20464616666666,001.13
1556393670.612648,39.939882833333336,-75.20464566666666,001.13
1556393670.81401,39.93988266666667,-75.20464533333333,001.13
1556393671.010673,39.939882833333336,-75.20464516666667,001.12
1556393671.205907,39.93988266666667,-75.20464466666667,001.12
1556393671.412558,39.93988233333334,-75.20464416666667,001.13
1556393671.607272,39.93988216666666,-75.20464383333334,001.13
1556393671.808846,39.93988183333333,-75.20464333333334,001.10
1556393672.011547,39.939881666666665,-75.204643,001.10
1556393672.213217,39.93988133333333,-75.2046425,001.04
1556393672.40837,39.939881,-75.204642,001.04
1556393672.611313,39.93988066666667,-75.2046415,001.07
1556393672.810241,39.939880333333335,-75.20464116666666,001.07
1556393673.014945,39.93988016666667,-75.20464133333333,001.08
1556393673.21077,39.93988,-75.2046415,001.08
1556393673.414732,39.93987966666667,-75.20464116666666,001.09
1556393673.612918,39.93987933333333,-75.20464033333333,001.09
1556393673.811143,39.939879,-75.20463983333333,001.06
1556393674.010253,39.939879,-75.20463933333333,001.06
1556393674.219033,39.93987883333333,-75.20463883333333,001.06
1556393674.408299,39.9398785,-75.20463816666667,001.06
1556393674.617942,39.93987833333333,-75.20463766666667,001.06
1556393674.811521,39.93987816666667,-75.20463733333334,001.04
1556393675.016426,39.939878,-75.204637,001.04
1556393675.219433,39.93987766666667,-75.20463616666666,001.07
1556393675.413178,39.9398775,-75.20463583333333,001.07
1556393675.609506,39.939877333333335,-75.2046355,001.05
1556393675.810273,39.939877333333335,-75.20463533333333,001.05
1556393676.006586,39.939877,-75.20463483333333,001.03
1556393676.210928,39.93987683333334,-75.20463466666666,001.03
1556393676.409565,39.9398765,-75.20463433333333,001.06
1556393676.60872,39.939876166666664,-75.20463433333333,001.06
1556393676.805155,39.939875666666666,-75.20463383333333,001.02
1556393677.007359,39.93987533333333,-75.20463366666667,001.02
1556393677.204556,39.93987516666667,-75.204633,001.03
1556393677.409783,39.93987466666667,-75.204632,001.03
1556393677.607781,39.93987466666667,-75.20463166666667,001.03
1556393677.808736,39.939875,-75.2046315,001.03
1556393678.010035,39.93987533333333,-75.204631,001.03
1556393678.208634,39.93987533333333,-75.2046305,001.01
1556393678.408454,39.93987516666667,-75.20463033333333,001.01
1556393678.614338,39.93987533333333,-75.20463016666666,001.03
1556393678.808045,39.93987516666667,-75.2046295,001.03
1556393679.012053,39.93987516666667,-75.20462933333333,000.99
1556393679.210804,39.939875666666666,-75.20462933333333,000.99
1556393679.412324,39.93987533333333,-75.20462883333333,000.92
1556393679.611172,39.939875,-75.20462916666666,000.92
1556393679.806584,39.9398745,-75.20462916666666,000.89
1556393680.010262,39.9398745,-75.204629,000.89
1556393680.219111,39.93987416666667,-75.20462883333333,000.87
1556393680.410156,39.939873666666664,-75.2046285,000.87
1556393680.611209,39.93987416666667,-75.20462866666666,000.87
1556393680.817038,39.9398745,-75.20462866666666,000.87
1556393681.018313,39.939874833333334,-75.2046285,000.87
1556393681.215563,39.93987466666667,-75.2046285,000.87
1556393681.411969,39.939874333333336,-75.20462816666667,000.87
1556393681.60981,39.9398735,-75.204628,000.85
1556393681.81678,39.939873166666665,-75.20462816666667,000.85
1556393682.011268,39.93987216666667,-75.2046275,000.89
1556393682.211723,39.93987083333333,-75.2046265,000.89
1556393682.411356,39.939870166666665,-75.204626,000.90
1556393682.611987,39.939869333333334,-75.2046255,000.90
1556393682.816083,39.93986833333334,-75.20462516666667,000.94
1556393683.014692,39.9398675,-75.20462483333333,000.94
1556393683.213201,39.939866333333335,-75.20462466666666,000.95
1556393683.422661,39.939865833333336,-75.2046245,000.95
1556393683.615774,39.939865833333336,-75.20462483333333,000.90
